A,B,result,weight,backwardweight,SUM,Diff,Normalized_weight,Normalized_backward_weight,Weight_greater_than_mean,Backward_weight_greater_than_mean
Attribution of recent climate change,Celsius,1,16.2177966101696,2.446875,18.6646716101695,13.7709216101695,0.000312357283064545,2.34793309919973E-05,0,0
Attribution of recent climate change,Climate oscillation,1,267.233333333333,4.81428571428572,272.047619047619,262.419047619048,0.000792746240621222,0.000375793124212452,0,0
Attribution of recent climate change,Effects of global warming,1,390.619565217391,1635.40769230769,2026.02725752508,1313.8118729097,0.00452114162940144,0.0046947391618971,1,1
Attribution of recent climate change,El Niño–Southern Oscillation,0,30.6993650793651,5.27403846153847,35.9734035409035,25.4253266178266,0.00069015329385232,9.25886649887451E-05,0,0
Attribution of recent climate change,Enteric fermentation,0,38.1954545454545,3.62946428571429,41.8249188311688,38.8249188311688,0.000135732647432165,9.06007464699141E-05,0,0
Attribution of recent climate change,Environmental impact of aviation,0,188.460339558574,65.2572545463978,253.717594104972,148.508567468316,0.00918083405574285,0.00320716378619363,1,1
Attribution of recent climate change,Fertilizer,0,95.9502758077226,192.761298076923,288.711573884646,96.8110222692005,0.007637082870733,0.0113957823863806,1,1
Attribution of recent climate change,IPCC First Assessment Report,0,68.6049664976458,20.2222604211431,88.8272269187889,48.3827060765027,0.00375133373049437,0.00993644927203888,1,1
Attribution of recent climate change,Radiative forcing,0,110.913097826087,28.5769865678555,139.490084393942,82.3361112582315,0.00537704188013037,0.000856473913798349,1,1
Attribution of recent climate change,Slash-and-burn,0,40.5079136690648,13.8648955091152,54.37280917818,26.6430181599496,0.000681842591761555,0.000199183339718069,0,0
Attribution of recent climate change,Water vapor,1,136.106974358974,33.2253053565074,169.332279715482,102.881669002467,0.0102999339264599,0.00111996517339047,1,1
Carbon cycle,Calvin cycle,0,22.3638650145633,17.6623779946761,40.0262430092395,16.6789117690511,0.000817702162107003,0.000829581621074016,0,1
Carbon cycle,Combustion,1,97.0861960820664,23.6861347146976,120.772330796764,76.1012518435593,0.00558641020783875,0.0011285229249256,1,1
Carbon cycle,Deficit irrigation,0,3.01,2.05,5.05999999999999,0.96,1.87420221873995E-05,3.96682060940685E-05,0,0
Carbon cycle,Ocean,0,52.534145776251,1262.36642901522,1314.90057479147,1222.66818067487,0.00508396904937682,0.00650881626958207,1,1
Carbon cycle,Organic compound,1,44.9031226495359,106.579326192927,151.482448842463,61.676203543391,0.00412324209669973,0.00295559400134179,1,1
Carbon cycle,Peat,0,59.4015662943176,85.7711998562814,145.172766150599,92.3696335619638,0.00212745339460391,0.00249223643913846,1,1
Carbon cycle,Respiration (physiology),0,27.6319928549239,21.7353684210526,49.3673612759766,22.2258440345972,0.000538622029776384,0.00126585416236315,1,1
Carbon cycle,Sediment trap,0,16.4466666666666,24.6869137466308,41.1335804132974,8.24024707996406,0.00199025554625998,0.00393109808834942,0,0
Carbon cycle,Solubility pump,0,28.9280098522167,21.9390659747961,50.8670758270129,21.1550561225794,0.000709754638033011,0.00218843268626424,1,0
Carbon cycle,Volcanic gas,0,11.65,5.42368421052632,17.0736842105263,6.22631578947369,0.000420730378472619,5.51408915327028E-05,0,0
Carbon cycle,Volcano,0,11.8734662576687,193.057466063349,204.930932321017,185.383999805679,0.00132433245815216,0.00418708037266514,0,0
Carbon dioxide,Apnea,0,287.234725501771,27.8022396205029,315.036965122274,273.459811881211,0.000269711407544679,0.00521092963269021,1,1
Carbon dioxide,Calcium hydroxide,0,207.819279969197,90.3842137896825,298.203493758879,126.624731302697,0.000383579208693668,0.00397101841311666,1,1
Carbon dioxide,Carbon dioxide sensor,0,641.021053837342,181.718188534279,822.739242371621,459.302865303064,0.00113515298232055,0.0300921626115373,1,1
Carbon dioxide,Carbon monoxide,1,5364.80500558867,7018.95568523431,12383.760690823,1666.09349385328,0.00133525651192852,0.0301592155107425,1,1
Carbon dioxide,Carbon sequestration,0,682.952099769888,129.341585008798,812.293684778686,559.766050060241,0.00201915805377854,0.0162281529044535,1,1
Carbon dioxide,Carboxylic acid,0,21.5382482394366,60.5216715285056,82.0599197679421,38.9834232890689,0.000162336021561006,0.0030687733784579,0,1
Carbon dioxide,Combustion,0,85.3585435926715,107.224128522087,192.582672114758,36.4344150705847,0.00334843553596905,0.00355283609094346,1,1
Carbon dioxide,Industrial Revolution,0,799.040091094999,36.7725170068027,835.812608101802,780.420910760289,0.00053248428834196,0.000979739983341941,1,0
Carbon dioxide,Must,0,145.055539772727,24.1013454545455,169.156885227273,123.245805681818,0.000225218941930295,0.00136720237084239,1,0
Carbon dioxide,Ocean acidification,0,1856.60543167569,573.283103821907,2429.8885354976,1295.43624572277,0.00326562256666789,0.0191597266194084,1,1
Carbon dioxide,Pascal (unit),0,328.766077552097,8.93232292917168,337.698400481269,319.833754622925,0.000201783437018235,0.000350380146362386,0,0
Carbon dioxide,Sedimentary rock,0,52.3922224606806,37.4050682650682,89.7972907257489,24.4803782719201,0.00174330530122709,0.00371833039716308,1,1
Climate change,Altimeter,0,165.593333333333,2.4,167.993333333333,163.193333333333,6.23913589462749E-05,7.44101445830448E-05,0,0
Climate change,Anthropocene,0,894.155509552383,107.929910205513,1002.0854197579,864.87440065313,0.00131738840597859,0.00991063696104385,1,1
Climate change,Boundary current,0,192.797058823529,11.9688679245283,204.765926748058,180.828190899001,0.000174974960626496,0.00167190936609241,1,0
Climate change,Continental climate,0,173.0148969205,32.2540275180337,205.268924438534,152.319465893694,0.00106578269135281,0.000137494104484875,1,0
Climate change,Deforestation,1,649.991253049292,154.502567232063,804.493820281354,523.409708843666,0.00389560686494766,0.00664274908382239,1,1
Climate change,Historical document,0,202.52,3.55,206.07,202.53,2.85219076208651E-05,3.23103051367014E-05,0,0
Climate change,Ice age,0,574.644655634081,113.962009982463,688.606665616544,468.601041641593,0.000446624407987946,0.000689827511739382,1,0
Climate change,Pliocene,1,321.078246318608,14.4431506849315,335.521397003539,310.390651189232,0.000215347334645717,0.000319438269305488,1,0
Climate change,Polar desert,0,341.788365107994,178.397181081345,520.18554618934,206.877883582719,0.00193300267588481,0.0031183094017009,1,1
Climate change,Primary production,0,204.033739837398,19.5026702786378,223.536410116036,184.531069558761,0.00260767558692552,0.00158846067369982,1,0
Climate change,Red giant,0,285.086911764706,27.15375,312.240661764706,293.406838235294,0.000121282889702297,0.000717577693792404,0,0
Climate change,Tide gauge,0,212.287094017094,11.6526097763049,223.939703793399,200.634484240789,0.000194761900322565,0.00234773227525487,1,0
Climate change,Toba catastrophe theory,0,291.83,17.1374242424242,308.967424242424,274.692575757576,0.000343979135693047,0.000243059071983475,1,0
Climate change in the Arctic,Arctic Ocean Conference,0,42.5222382787412,73.6507509386733,116.172989217414,31.1285126599321,0.00251978427139479,0.00472721259250118,0,0
Climate change in the Arctic,Beaufort Sea,0,23.2140714967936,19.3071230769231,42.5211945737167,5.0374612403833,0.00113815717711274,0.000417725331910427,0,0
Climate change in the Arctic,Canada,0,48.3957989667363,36.4138262599469,84.8096252266831,17.0013990431647,0.000993623649261647,7.34335921468554E-05,1,0
Climate change in the Arctic,European Space Agency,0,2.99328358208955,6.11043956043955,9.10372314252912,3.11715597835001,3.52882924161579E-05,1.87035545633697E-05,0,0
Climate change in the Arctic,Greenland ice sheet,0,986.129050925926,57.6773978897209,1043.80644881565,944.482422266974,0.0053937642477776,0.00192998696050257,1,0
Climate change in the Arctic,Habitat,1,17.9251948051948,13.4972727272727,31.4224675324676,4.42792207792208,0.000971708132829673,0.00077700509315927,0,0
Climate change in the Arctic,Intergovernmental Panel on Climate Change,0,466.279583333333,149.668666666667,615.94825,319.750916666667,0.00540429270460296,0.00600208745387582,1,1
Climate change in the Arctic,Ozone depletion,0,24.8925,12.8362781954887,37.7287781954887,12.0562218045113,0.000474240866218045,0.000146146176217208,0,0
Climate change in the Arctic,Polar bear,0,174.51207539386,90.830044593088,265.342119986948,104.501789953945,0.00519916033887886,0.00421150541226568,1,1
Climate change in the Arctic,Younger Dryas,1,268.305,46.7340409482759,315.039040948276,268.895707614943,0.00243911793423245,0.00163163478331403,0,1
Climate model,Albedo,0,396.911123675753,48.8250980392157,445.736221714969,348.086025636537,0.00412817139764904,0.00279419251413876,1,0
Climate model,Chemical species,0,6.78139534883721,3.62565789473683,10.4070532435741,3.15573745410036,0.000150620975778742,6.78388638030484E-05,0,0
Climate model,Climate,1,40.4892441860466,1026.58604770266,1067.07529188871,1008.13901737891,0.00248341478325953,0.00569373107079457,0,1
Climate model,Colorado,0,13.9702830188679,17.9582720588235,31.9285550776915,3.98798903995561,0.000239728218227335,0.000206506573543735,0,0
Climate model,Electromagnetic radiation,0,122.433678292047,82.4652292627814,204.898907554828,45.9888384201271,0.0169905298869344,0.00498859871740449,1,1
Climate model,Energy,1,54.7321305231081,45.1714105263157,99.9035410494241,18.7207199967924,0.00646511973290134,0.00303133147380594,1,0
Climate model,Greenhouse gas,0,29.3801142263759,78.8751039603961,108.255218186772,58.6454547104242,0.00263214101919866,0.00062376645534535,0,1
Climate model,Hadley Centre for Climate Prediction and Research,0,41.1499999999999,14.9214285714286,56.0714285714286,26.2285714285714,0.000148787284201189,6.0344922216002E-05,0,0
Climate model,Infrared,0,92.1736822031412,103.470481832543,195.644164035685,13.9637750832414,0.0122691718330821,0.00377208591946353,1,1
Climate model,Land use,0,20.3658300395257,40.8118181818182,61.1776482213439,31.889466403162,0.000300010881625136,0.0245835478112303,0,0
Climate model,Ocean current,0,19.2076717557252,26.4016661124045,45.6093378681297,12.1781879050663,0.000311336887439016,0.000581795325053908,0,0
Climate model,Radiative forcing,0,49.9086446886447,43,92.9086446886447,6.90864468864469,0.00153891930943399,0.00422260364803712,0,0
Climate model,Sea ice,0,51.6205602536999,20.2589041095891,71.8794643632888,31.3616561441108,0.0037959137431482,0.00280050762238374,0,0
Climate model,Sea surface temperature,0,24.7144163763067,41.5974352539651,66.3118516302718,20.2858886853668,0.00228637245783057,0.00141812007162431,0,1
Climate model,Stefan–Boltzmann law,0,95.7304887218045,198.14096692112,293.871455642924,131.889521800685,0.00139733137843519,0.00295646742368228,1,1
Climate model,Troposphere,1,16.3412950081833,11.8080882352941,28.1493832434775,4.53320677288919,0.00080022128266812,0.00132274594777436,0,0
Fossil fuel,Abiogenic petroleum origin,1,999.777440982215,910.636138411139,1910.41357939335,148.621530579708,0.00234143150454268,0.0776427220201058,1,1
Fossil fuel,Bottom ash,0,92.4064383561644,3.88359375,96.2900321061644,88.5228446061644,6.86596265309936E-05,0.0013399752545306,0,0
Fossil fuel,Coal,1,8327.96358392769,4914.21025877771,13242.1738427054,3497.85493523459,0.0118036140846383,0.0147057866797914,1,1
Fossil fuel,Energy development,0,129.775196211607,583.472064372747,713.247260584354,486.383398182685,0.000934330824502422,0.0320794653256993,1,1
Fossil fuel,Environmental law,0,60.52,5.28307692307692,65.8030769230769,57.4830769230769,2.33982838725869E-05,8.43887206504932E-05,0,0
Fossil fuel,Fly ash,1,142.069108754897,19.6025316195701,161.671640374467,125.032883053607,0.00104384438767381,0.00183135476250913,1,0
Fossil fuel,Fossil fuel power station,0,1403.97122383613,1176.40212858389,2580.37335242002,249.028013901829,0.00719685819248832,0.0334198679061298,1,1
Fossil fuel,Redox,0,141.837413164418,30.8326752232463,172.670088387665,111.004737941172,0.00445560935313409,0.00456489385570887,1,1
Fossil fuel,Renewable energy,0,2752.35769199093,1030.18500557327,3782.54269756419,1811.76352570356,0.00590597255236336,0.00626980813312523,1,1
Fossil fuel,Reserves-to-production ratio,0,58.6593503058837,64.320358409099,122.979708714983,7.22100810321517,0.00195889439582929,0.0253141238834609,1,1
Fossil fuel,Sawmill,0,25.9618181818182,4.46192307692307,30.4237412587412,21.4998951048951,0.000265027820401114,0.000113628193974816,0,0
Fossil fuel,Thorium,0,20.4048173724936,15.6026844750066,36.0075018475002,9.32411432163555,0.00130892502167326,0.000875961755980644,0,0
Global warming,2009 United Nations Climate Change Conference,0,112.27,133.9875,246.2575,137.2175,6.95796620538064E-07,0.000665830263597412,0,0
Global warming,2010 United Nations Climate Change Conference,0,255.45375,9.336,264.78975,246.11775,1.58318211413356E-06,0.000118537569400852,1,0
Global warming,Abrupt climate change,0,845.066666666667,429.580120481928,1274.64678714859,497.513453815261,5.23732547248626E-06,0.0141890798766452,1,1
Global warming,American Quaternary Association,0,92.4333333333333,4.52083333333333,96.9541666666667,94.6875,5.72858296592161E-07,2.01501174463988E-05,0,0
Global warming,Asian brown cloud,0,490.416,4.544,494.96,490.928,3.03936755551612E-06,6.49703458412687E-06,0,0
Global warming,Attribution of recent climate change,0,13637.7148351648,1887.1719047619,15524.8867399267,11750.5429304029,8.45201380081012E-05,0.0448991134470251,1,1
Global warming,Biosphere,0,23.69,5.34791666666667,29.0379166666667,18.3420833333333,1.46819470388766E-07,4.97268028435905E-05,0,0
Global warming,Canada,0,2.00434782608696,1.36,3.36434782608696,0.644347826086957,1.24220044871659E-08,5.70731894831569E-07,0,0
Global warming,Canadian Foundation for Climate and Atmospheric Sciences,0,157.827586206897,14.5191176470588,172.346703853955,143.308468559838,9.7814109833828E-07,8.59449870255539E-05,1,1
Global warming,Carbon sequestration,0,41.5485507246377,170.539189189189,212.087739913827,128.990638464552,2.57498362718956E-07,0.00535687604209468,0,0
Global warming,Carbon sink,0,114.736,11.0297297297297,125.76572972973,118.49372972973,7.11079727924249E-07,0.000221381035765975,0,0
Global warming,Caribbean,0,108.3075,379.49375,487.80125,271.18625,6.71238910474092E-07,0.000914553302564052,0,0
Global warming,Climate commitment,0,383.463333333333,27.4491525423729,410.912485875706,356.01418079096,2.37652526439471E-06,0.000897325863651903,1,0
Global warming,Climate model,0,3745.58429752066,21.1184615384615,3766.70275905912,3724.4658359822,2.32133686305809E-05,0.000585733146583106,1,0
Global warming,Climatic Research Unit,0,75.7850746268657,323.407894736842,399.192969363708,247.622820109976,4.69680224571106E-07,0.0200791762791397,0,0
Global warming,Cloud condensation nuclei,0,234.678571428571,2.92790697674419,237.606478405316,231.750664451827,1.45442733510912E-06,0.00011842100312654,1,0
Global warming,Cloud forcing,0,165.981111111111,1.25,167.231111111111,164.731111111111,1.02867280826814E-06,1.51618435831439E-06,0,0
Global warming,Coal,0,80.9630303030303,98.5631944444444,179.526224747475,17.6001641414141,5.01770756866209E-07,0.0014159580026204,0,0
Global warming,Cosmic ray,0,30.0078947368421,3.97857142857143,33.9864661654135,26.0293233082707,1.85974808473828E-07,1.1727573726066E-05,0,0
Global warming,Crop yield,0,280.022857142857,10.0758620689655,290.098719211823,280.053004926108,1.73544987684522E-06,0.0001473852732756,0,0
Global warming,Cryosphere,0,103.793785310735,3.14712643678161,106.940911747516,100.646658873953,6.43265031193216E-07,3.58217594031137E-05,1,0
Global warming,Developing country,0,633.118055555556,299.515333333333,932.633388888889,546.397277777778,3.92376773365267E-06,0.00234056096244258,1,1
Global warming,Drought,1,2206.76607142857,259.885135135135,2466.65120656371,1946.88093629344,1.36764975043917E-05,0.00188636481060887,1,0
Global warming,Ecosystem,1,500.952727272727,917.177027027027,1418.12975429975,423.0757002457,3.10466923208061E-06,0.00346926157960044,1,1
Global warming,Effects of global warming,0,23300.75,7519.6,30820.35,15781.15,0.000144407082087844,0.0215863975495839,0,0
Global warming,El Niño–Southern Oscillation,0,975.85,23.4357142857143,999.285714285714,953.885714285714,6.04785901979217E-06,0.000549112219835205,0,0
Global warming,European Academy of Sciences and Arts,0,93.74,1.6875,95.4275,92.7475,5.80956401614304E-07,1.66016022206303E-06,0,0
Global warming,European Geosciences Union,0,252.613636363636,551.336363636364,803.95,413.122727272727,1.5655804265044E-06,0.00830045151762753,0,0
Global warming,Extinction,0,407.158064516129,206.880303030303,614.038367546432,205.622238514174,2.52337405642773E-06,0.000258398731312101,0,0
Global warming,Extinction risk from global warming,0,2562.45,86.35,2648.8,2476.1,1.58808590923467E-05,0.00526909934098121,0,0
Global warming,Extreme weather,1,3765.79210526316,1839.68602150538,5605.47812676853,2091.09391624222,2.33386071122386E-05,0.0469113582817224,1,1
Global warming,Fossil fuel,1,1965.57409326425,1697.95086206897,3663.52495533321,267.623231195283,1.21817031398453E-05,0.0041574692670995,1,1
Global warming,George W. Bush,0,303.7,103.6625,407.3625,200.3625,1.88218966471373E-06,1.79317103584819E-05,0,0
Global warming,Germany,0,1.6875,1,2.6875,0.6875,1.04583307843412E-08,4.44114930904155E-08,0,0
Global warming,Global warming controversy,0,3444.03756218905,2193.13333333333,5637.17089552239,1265.89577114428,2.13445238868558E-05,0.0434050884469059,1,1
Global warming,Glossary of climate change,0,452.216,610.792,1063.008,158.576,2.8026219342054E-06,0.179298568993347,1,1
Global warming,Greenhouse gas,1,37107.5312834225,4077.59292307692,41185.1242064994,33029.9383603455,0.000229975014371745,0.00521579192192998,1,1
Global warming,Group of 77,0,423.045454545455,2.03928571428571,425.08474025974,421.006168831169,2.6218366224879E-06,1.97580473125301E-06,0,0
Global warming,HadCM3,0,7.7,1.6375,9.3375,6.0625,4.77209760233641E-08,0.000505928243154521,0,0
Global warming,Hydrosphere,0,19.3833333333333,3.28666666666667,22.67,16.0966666666667,1.20128777305568E-07,1.94536944854498E-05,0,0
Global warming,Index of climate change articles,0,399.416,427.642,827.058,261.426,2.47539238433091E-06,0.137516200228465,1,1
Global warming,India,0,52.3875,1.6,53.9875,50.7875,3.24673069016102E-07,9.09129288810317E-08,0,0
Global warming,Industrial Revolution,0,3092.93,16.8166666666667,3109.74666666667,3081.68666666667,1.91685244638888E-05,3.42820366012173E-05,0,0
Global warming,Instrumental temperature record,0,20140.9892307692,1128.26538461538,21269.2546153846,19012.7238461538,0.000124824371969918,0.0406861891243055,1,1
Global warming,International Union of Geodesy and Geophysics,0,106.298387096774,3.97857142857143,110.276958525346,102.319815668203,6.58787374281485E-07,1.66885010385371E-05,1,0
Global warming,Ireland,0,1.45833333333333,1.425,2.88333333333333,0.0333333333333334,9.03806364078865E-09,6.10925829692206E-07,0,0
Global warming,James Hansen,0,792.163636363636,583.083333333333,1375.24696969697,497.119696969697,4.90945738928442E-06,0.0234629329961364,1,1
Global warming,Japan,0,1.66,1.32,2.98,0.34,1.02878987271149E-08,3.68468354095409E-07,0,0
Global warming,Joseph Fourier,0,737.809375,106.83125,844.640625,786.921875,4.57259525898549E-06,0.00218506376671348,1,0
Global warming,Kyoto Protocol,0,871.430225988701,2367.51923076923,3238.94945675793,1496.08900478053,5.40071440525215E-06,0.0140249901428534,1,1
Global warming,List of countries by greenhouse gas emissions per capita,0,59.060119047619,12.211875,71.271994047619,46.8482440476191,3.6602682142967E-07,0.000334164911812034,0,0
Global warming,Mangrove,0,66.045,13.0277777777778,79.0727777777778,53.0172222222222,4.09315826164036E-07,0.000150216661109611,0,0
Global warming,Maunder Minimum,0,1.38333333333333,1.325,2.70833333333333,0.0583333333333334,8.57324893926238E-09,2.92264959692251E-06,0,0
Global warming,Methane,1,4258.52,125.561538461539,4384.08153846154,4132.95846153846,2.63923027032489E-05,0.000221020903212685,1,1
Global warming,Mexico,0,3.11212121212121,1.96071428571429,5.0728354978355,1.15140692640693,1.92874625643427E-08,3.78817727123998E-06,0,0
Global warming,NASA,0,173.48,181.628571428571,355.108571428571,75.4514285714286,1.07514739227704E-06,9.41305780214797E-05,1,0
Global warming,NASA Earth Observatory,0,39.4263157894737,25.575,65.0013157894737,13.8513157894737,2.44345749412864E-07,0.000119617100555277,0,0
Global warming,National Climatic Data Center,0,47.941935483871,17.9421052631579,65.8840407470289,29.9998302207131,2.97121552433698E-07,4.82166510336972E-05,0,0
Global warming,National Oceanic and Atmospheric Administration,0,88,43.45,131.45,44.55,5.45382583124161E-07,0.000288746527731628,0,0
Global warming,National Snow and Ice Data Center,0,142.087209302326,3.54102564102564,145.628234943351,138.5461836613,8.80589650434154E-07,1.21034944304644E-05,0,0
Global warming,New Zealand,0,1.6875,1.31666666666667,3.00416666666667,0.370833333333333,1.04583307843412E-08,1.39832621414187E-07,0,0
Global warming,Nitrous oxide,1,5590.07,289.022727272727,5879.09272727273,5301.04727272727,3.46446229141464E-05,0.00130563501404945,1,1
Global warming,Ocean current,0,104.960344827586,17.9303571428571,122.890701970443,87.0299876847291,6.50494818041724E-07,0.000319488512922723,0,0
Global warming,Orbital forcing,1,585.565384615385,13.1933333333333,598.758717948718,572.372051282051,3.6290586596549E-06,0.000297213789678567,1,0
Global warming,Pew Research Center,0,1134.56,6.58461538461538,1141.14461538462,1135.82461538462,7.03146890351529E-06,3.79834565185047E-06,0,0
Global warming,Power station,0,8.76,7.18333333333333,15.9433333333333,1.57666666666667,5.42903571382688E-08,0.000128480142514586,0,0
Global warming,Proxy (climate),0,5924.47452830189,108.82602739726,6033.30055569915,5815.64850090463,3.6717104794302E-05,0.00956356869114974,1,1
Global warming,Radiative cooling,0,386.15,1,387.15,385.15,2.39317595992494E-06,8.63805512461258E-07,0,0
Global warming,Radiosonde,0,2.37222222222222,2.12777777777778,4.5,0.244444444444444,1.47019168556829E-08,1.63324206225168E-05,0,0
Global warming,Renewable energy,1,494.897530864198,520.562403100775,1015.45993396497,31.1648722365777,3.06714197459642E-06,0.00151164706035609,1,1
Global warming,Sea ice,0,2149.146875,2.94925373134328,2152.09612873134,2148.20237873134,1.331940084319E-05,6.23639536347991E-05,0,0
Global warming,Skeptical Science,0,145.872222222222,12.3647058823529,158.236928104575,133.507516339869,9.04047379109286E-07,0.000402857181187988,0,0
Global warming,Soot,0,474.1,141.35,615.45,332.75,2.93824866658142E-06,0.00406692369662792,0,0
Global warming,South Africa,0,2.91395348837209,2.16363636363636,5.07758985200846,0.750317124735729,1.80593122794549E-08,2.17095504782167E-06,0,0
Global warming,Southern Hemisphere,0,14.3848837209302,3.56461538461538,17.9494991055456,10.8202683363148,8.91507391097912E-08,1.23414756889441E-05,0,0
Global warming,Southern Ocean,0,29.46875,3.0975,32.56625,28.62875,1.82633443141365E-07,4.51043899057904E-05,0,0
Global warming,Special Report on Emissions Scenarios,0,312.125294117647,106.05,418.175294117647,230.624705882353,1.93440567232126E-06,0.00992549880120998,1,0
Global warming,Spring (season),0,36.7536585365854,22.5487804878049,59.3024390243902,14.2048780487805,2.27781877635753E-07,0.000475426199403365,0,0
Global warming,Thermodynamics,0,45.7,1.53333333333333,47.2333333333333,44.1666666666667,2.83227091463343E-07,8.93513577035924E-07,0,0
Global warming,Twomey effect,0,1532.67906976744,1.2,1533.87906976744,1531.47906976744,9.49882352466027E-06,2.85966208326383E-05,0,0
Global warming,United Nations Environment Programme,0,137.05990990991,463.569620253165,600.629530163074,326.509710343255,8.49432814879903E-07,0.00364487087279925,1,1
Global warming,United Nations Framework Convention on Climate Change,0,6966.16666666667,486.769811320755,7452.93647798742,6555.60314465409,4.31730223993193E-05,0.0157601372783559,1,1
Global warming,Wallace Smith Broecker,0,477.50625,144.230952380952,621.737202380952,334.424702380952,2.9593590009424E-06,0.046501518036379,0,0
Global warming,Wet-bulb temperature,1,379.603225806452,44.55,424.153225806452,335.053225806452,2.35260213468848E-06,0.000568871068660378,0,0
Global warming,World Meteorological Organization,0,30.7,3.51351351351351,34.2135135135135,32.2135135135135,1.90264151158088E-07,1.56204077503176E-05,0,0
Greenhouse gas,Absorption (electromagnetic radiation),0,1672.84664589443,37.2087750716332,1710.05542096606,1662.19962917721,0.000774844579830891,0.00279796921563121,1,0
Greenhouse gas,Atmospheric methane,1,1427.7493176388,1039.30164896457,2467.05096660338,461.327433605141,0.00265011823814431,0.0786515248136138,1,1
Greenhouse gas,Bio-energy with carbon capture and storage,0,514.815424526681,59.9950775604823,574.810502087163,497.153025152844,0.00129067379868971,0.0319457000566633,1,1
Greenhouse gas,Carbon emissions reporting,0,331.056596621553,311.929547155689,642.986143777242,436.272950534135,0.00144900999736385,0.0806740495959806,1,1
Greenhouse gas,Diatomic molecule,0,409.655491925107,16.2397105263158,425.895202451423,393.415781398791,0.00196987591670475,0.00225497181774074,1,0
Greenhouse gas,Eddy covariance,0,80.6555062823355,34.5163793103448,115.17188559268,47.2525135713739,0.00025627016643848,0.00318969874330784,0,1
Greenhouse gas,Fossil fuel,1,2804.54811091048,2679.02926847815,5483.57737938863,168.181157567672,0.00718619397311366,0.0180251860070046,1,1
Greenhouse gas,Limestone,0,11.8600704225352,9.83752452291778,21.697594945453,2.94175224882377,0.000208044846015542,0.000504083544262538,0,0
Greenhouse gas,Nitrogen trifluoride,0,720.670068027211,467.727711738484,1188.3977797657,315.22431037794,0.00117452626481516,0.0656651829939721,1,1
Greenhouse gas,Redox,1,80.8061458780568,53.6011874309525,134.407333309009,30.7269710257206,0.00198266562949214,0.00336558956486804,1,1
Greenhouse gas,Year,0,130.263322072072,65.107409276706,195.370731348778,65.155912795366,0.00255695163639092,0.00214360529796574,1,1
Gross domestic product,Household final consumption expenditure,0,986.976923076923,3.41538461538462,990.392307692308,983.561538461538,0.000363773302396222,0.000114312490184316,0,0
Gross domestic product,International Monetary Fund,0,3001.92073652752,335.900617155537,3337.82135368306,2918.13442608256,0.000388037355471174,0.00156972447816115,0,1
Gross domestic product,Lists of countries by GDP,0,338538.511888343,453.578496503497,338992.090384847,338157.518149868,0.0347057429387986,0.00582979389561378,1,1
Gross domestic product,Monetization,0,11.5477941176471,3.74711538461538,15.2949095022624,7.80067873303167,0.000595343244474736,0.000147579648323416,0,0
Gross domestic product,Penn effect,0,436.839320110784,78.4454773869347,515.284797497718,443.491138961133,0.00296746186263694,0.0113436674568901,1,0
Gross domestic product,Profit (accounting),0,258.1,8.98,267.08,260.18,1.33007246249128E-05,5.94327239470491E-05,0,0
Gross domestic product,Real gross domestic product,0,2277.93051280672,4215.93635276532,6493.86686557204,2019.96957184266,0.00647231247907363,0.268358271253676,1,1
Gross domestic product,Uneconomic growth,0,28.5612393162393,43.8686557377049,72.4298950539443,15.3074164214656,5.56642901978623E-05,0.00619399951215546,0,1
Gross domestic product,United Nations,0,190.497580645161,7.7165,198.214080645161,182.781080645161,0.00139780969595454,2.17751536265629E-05,1,0
Instrumental temperature record,Antarctic Peninsula,0,10.3111111111111,2.07499999999999,12.3861111111111,8.23611111111111,0.000103948938115011,4.4870336620509E-07,0,0
Instrumental temperature record,Arctic oscillation,0,7.31375,4.1,11.41375,4.68625,0.000123483589317423,0.000189827631109353,0,0
Instrumental temperature record,Attribution of recent climate change,0,529.504655367232,379.545173745174,909.049829112405,256.887185044609,0.00449363653472873,0.0096832311399296,1,1
Instrumental temperature record,Celsius,1,142.254032258065,33.6519095998747,175.905941857939,108.60212265819,0.00840341840026562,0.00166624946952346,1,0
Instrumental temperature record,Central England temperature,1,1767.92795031056,12.2762784090909,1780.20422871965,1755.65167190147,0.00719903556685608,0.000733027879228571,1,0
Instrumental temperature record,EdGCM,0,8.02196969696969,9.53823529411764,17.5602049910873,2.58293226381461,0.000250987662696005,0.000156972649030332,0,0
Instrumental temperature record,Global warming,0,1151.58076923077,20170.6784615385,21322.2592307692,19019.0976923077,0.00425757842460788,0.00875058228742959,1,1
Instrumental temperature record,IPCC Fourth Assessment Report,0,19.3760551948053,32.2341176470588,51.6101728418641,12.8580624522536,0.000878327049577485,0.00013517953291239,0,0
Instrumental temperature record,National Climatic Data Center,0,362.50997098646,26.7316666666666,389.241637653127,343.601695680206,0.00256124480759937,0.000104978591986098,1,0
Instrumental temperature record,North Atlantic oscillation,0,118.406081081081,145.83698630137,264.243067382452,47.5559052202888,0.014112855730533,0.0017076872956541,0,0
Instrumental temperature record,Pacific decadal oscillation,0,110.978333333333,44.1400000000001,155.118333333333,67.4383333333333,0.00719180172607336,0.000912706175173772,0,0
Instrumental temperature record,Stevenson screen,0,140.201351351351,4.55312500000001,144.754476351351,135.648226351351,0.00147871542910614,0.000781951605228037,1,0
Intergovernmental Panel on Climate Change,European Geosciences Union,0,29.2074410163339,53.5786363636364,82.7860773799703,55.1711953473025,4.11589219938041E-05,0.000989020689881707,0,1
Intergovernmental Panel on Climate Change,Geophysical Fluid Dynamics Laboratory,0,198.067856131408,277.144218608852,475.21207474026,79.0763624774453,0.00583244052266948,0.0110180785432029,1,1
Intergovernmental Panel on Climate Change,IPCC Summary for Policymakers,0,1028.849,238.875229357798,1267.7242293578,789.973770642202,0.00150815734969632,0.448732762780068,0,1
Intergovernmental Panel on Climate Change,Methane,0,127.078067427463,61.426362625139,188.504430052602,87.8356128483013,0.00182934257667556,0.00014485650093132,0,1
Intergovernmental Panel on Climate Change,Rajendra K. Pachauri,0,1262.23394033935,1564.87010531938,2827.10404565873,379.363835019976,0.00240999276741874,0.136772126192101,1,0
Intergovernmental Panel on Climate Change,Scientific opinion on climate change,1,22.7111111111112,16.2736842105263,38.9847953216374,6.4374269005848,0.000175954694822479,0.000459293413031336,0,0
Intergovernmental Panel on Climate Change,United Nations Environment Programme,0,4281.27900860832,2869.702543942,7150.98155255032,1423.35439237716,0.00364313416606267,0.0106745146823573,1,1
IPCC Fourth Assessment Report,Afforestation,0,4.74857142857144,4.45,9.19857142857142,0.298571428571428,3.55263098830475E-05,0.000105835835538247,0,0
IPCC Fourth Assessment Report,Halocarbon,0,6.09411764705882,2.76818181818182,8.86229946524065,5.26229946524064,1.59889770111429E-05,1.7854300115833E-05,0,0
IPCC Fourth Assessment Report,Intergovernmental Panel on Climate Change,1,1043.25545988258,1111.99140016685,2155.24686004944,94.9140597157311,0.00939700843588243,0.00348976513478286,0,1
IPCC Fourth Assessment Report,Oil shale,0,55.9888392857143,27.0191326530612,83.0079719387755,28.969706632653,0.00134041280204043,0.000123210349748483,0,0
IPCC Fourth Assessment Report,RealClimate,0,10.1479166666667,30.325956284153,40.4738729508197,20.1780396174864,0.000143660319148764,0.00069851829206487,0,0
IPCC Fourth Assessment Report,Sea ice,0,5.98170731707317,2.83846153846153,8.82016885553471,3.14324577861164,5.24237514970962E-05,2.32918004972073E-05,0,0
IPCC Fourth Assessment Report,United Nations Environment Programme,0,49.7372695852535,47.5439827148169,97.2812523000703,3.19369670650211,0.00138766010808818,0.001019833287675,0,0
IPCC Fourth Assessment Report,United States,0,284.261931818182,94.5372448979592,378.799176716141,189.724686920223,0.00220211819744377,4.86379445811293E-05,1,0
IPCC Fourth Assessment Report,World Health Organization,1,400.116493506493,187.648577235773,587.765070742267,212.467916270721,0.00448327281534036,0.00151285754703328,1,0
Kyoto Protocol,Bangladesh,0,49.6383370066119,49.2420292036731,98.880366210285,2.5773499865617,0.000366242967812425,0.00117872260337757,0,0
Kyoto Protocol,Carbon sink,0,25.7173033707865,2078.96929892142,2104.6866022922,2056.89017736881,7.28157929185145E-05,0.0444535557575153,0,1
Kyoto Protocol,Caribbean,0,24.0455445544555,50.3055342902711,74.3510788447266,26.2599897358157,0.000222003774735579,0.00188462470150087,0,0
Kyoto Protocol,Chile,0,32.0651939087739,26.671324741017,58.7365186497909,10.1655216390647,0.000249458665614052,0.000769655755803978,0,0
Kyoto Protocol,Costa Rica,0,72.5688847929443,31.0522008345673,103.621085627511,41.516683958377,0.00148044939012815,0.00186179592051541,0,0
Kyoto Protocol,Egypt,0,22.1798883086741,29.987962962963,52.1678512716371,8.45659317280727,0.000222271586097497,0.000724419664419623,0,0
Kyoto Protocol,Group of 77,0,43.7174244783556,25.4984408315565,69.2158653099121,19.2064836467991,0.000473629233453255,0.00069998070979094,0,0
Kyoto Protocol,Liberia,0,21.4109467455621,8.57291666666666,29.9838634122288,13.0713634122288,0.000166303895136302,7.54965672892891E-05,0,0
Kyoto Protocol,Mozambique,0,26.1423680404917,23.1402857664567,49.2826538069484,3.002082274035,0.000528606000083749,0.000686120538020926,0,0
Kyoto Protocol,Nauru,0,67.9148317290314,52.5053173584367,120.420149087468,22.5570239491388,0.00298961738018846,0.00131126294629424,0,0
Kyoto Protocol,New Zealand,0,542.760596988693,177.857034425054,720.617631413746,364.903562563639,0.00482891121540414,0.00127266736892429,1,0
Kyoto Protocol,São Tomé and Príncipe,0,38.6825221238938,64.0116022099448,102.694124333839,25.3290800860509,0.000462927538449766,0.00277593890782865,0,0
Northern Hemisphere,Arctic,0,432.120331661093,25.4783928571429,457.598724518235,424.652420170409,0.000484445956032821,0.000202709874319878,1,0
Northern Hemisphere,Asia,0,3187.54077925254,5563.20853333333,8750.74931258588,2414.1128910805,0.00284211338297697,0.00304702181664395,1,1
Northern Hemisphere,Atlantic Ocean,0,2125.90890286184,353.756152303391,2479.66505516524,2378.14724944155,0.00214321527098613,0.00145542993043672,1,1
Northern Hemisphere,Axial tilt,0,1845.60104996987,77.2218780438394,1922.82292801371,1768.37917192603,0.00557524297923147,0.00258894733062334,1,1
Northern Hemisphere,North America,0,15529.3016468254,23836.4339383016,39365.735585127,8416.8354947111,0.00789704302875821,0.0128658023890407,1,1
Northern Hemisphere,South America,0,738.471456758427,9452.62763605442,10191.0990928128,8739.81543855526,0.00180752187447932,0.0068065928508314,1,1
Northern Hemisphere,South Pole,0,533.915754640839,49.758567301616,583.674321942455,495.301571885495,0.000425348606880395,0.000514227755144738,1,1
Northern Hemisphere,Sphere,1,4.17,3.8625,8.0325,3.2325,4.41471593984765E-06,2.69060638779562E-05,0,0
Northern Hemisphere,Tropical cyclone,0,613.493433602348,1207.98540623628,1821.47883983862,635.483439021946,0.00296266905647833,0.00401815167843291,1,1
Stratosphere,Airliner,0,109.266666666667,1.8,111.066666666667,107.466666666667,6.85461274992329E-05,2.27654834798475E-06,0,0
Stratosphere,Altitude,1,7.0060606060606,10.5877551020408,17.5938157081014,3.58169449598022,0.000301661880350356,0.000172439008176561,0,0
Stratosphere,Concorde,0,801.995833333333,109.516666666667,911.5125,692.479166666667,0.000348921442820628,7.0643230196571E-05,0,0
Stratosphere,Convective overshoot,0,414.790476190476,17.6517399267399,432.442216117216,411.72793040293,0.000596457674119684,0.00171211435969743,0,1
Stratosphere,Geographical pole,0,236.7125,3.996,240.7085,232.7165,0.00134370589988868,7.76728680041742E-05,0,0
Stratosphere,Gravity wave,0,143.355308880309,20.9430476190476,164.298356499357,137.776927927928,0.000704267594961375,0.000357856262121498,0,0
Stratosphere,Léon Teisserenc de Bort,0,195.132908163265,80.0416119402985,275.174520103564,159.908703777033,0.0107756722857196,0.0211557653443928,1,1
Stratosphere,Methane,1,10.1756097560976,22.8580110497238,33.0336208058214,14.2324012936262,0.00078214192982708,0.000486202533609289,0,0
Stratosphere,Northrop Grumman RQ-4 Global Hawk,0,686.559941520468,8.203125,694.763066520468,679.92096125731,0.000471065485785227,4.11344882455966E-06,0,0
Stratosphere,Richard Assmann,0,227.952990708479,109.517598684211,337.470589392689,151.988119880494,0.0118126493586195,0.00600080058543347,1,1
Stratosphere,Rossby wave,0,562.446251748252,32.6909696969697,595.137221445221,555.333948717949,0.00308867038786717,0.00237065287871632,1,1
Troposphere,Atmosphere,0,1126.02856954626,2077.22395089286,3203.25252043912,1013.35045198674,0.00633292624969637,0.00876813620553834,1,0
Troposphere,Energy,0,24.6349573756088,35.5096219529996,60.1445793286083,10.8927641249021,0.00355261115340703,0.00104683485402072,0,0
Troposphere,Gas constant,0,61.9471575430908,21.920748502994,83.8679060460849,49.0899384518616,0.00304323994082278,0.00104676510384382,0,0
Troposphere,Heat,0,40.7227604166666,69.5880555555555,110.310815972222,31.0652951388889,0.00118953222393515,0.00123445699221126,0,0
Troposphere,Heat capacity ratio,0,12.3767379679144,17.7383720930232,30.1151100609377,7.36163412510882,0.00116909975787027,0.00176085398243878,0,0
Troposphere,Ideal gas,0,25.2970312664491,13.587106741573,38.8841380080221,11.7099245248761,0.00227478659946109,0.000232711565519501,0,0
Troposphere,Landform,0,222.75736196319,14.1743161094225,236.931678072613,208.583045853768,0.00520203023482714,0.00081816789411881,1,0
Troposphere,Lapse rate,0,629.321825396825,1152.47604166667,1781.79786706349,596.25689484127,0.00410273529462247,0.0599139115767978,1,1
Troposphere,Meteorology,1,43.200386100386,20.4285953951174,63.6289814955035,28.0435515026109,0.00223039207181451,0.00042288101554689,1,0
Troposphere,Pascal (unit),0,10.7176356589147,7.04047619047619,17.7581118493909,8.77239756367664,0.000348495924358844,0.000197312590151443,0,0
Troposphere,Vapor pressure,0,308.392714687432,15.4403656597774,323.83308034721,296.917388535996,0.00143129212751779,0.000981429856263833,1,0
Troposphere,Water vapor,0,925.378205128205,449.706871265617,1375.08507639382,493.528666137411,0.00217900512133886,0.00399269998566622,0,1
United Nations Framework Convention on Climate Change,Earth Summit,0,6484.46292328042,10443.2312808925,16927.694204173,3958.76835761211,0.004408389440485,0.0573770771388068,1,1
United Nations Framework Convention on Climate Change,Greece,0,1.31428571428571,1.05,2.36428571428571,0.264285714285714,6.24750481787878E-07,9.20565781482758E-08,0,0
United Nations Framework Convention on Climate Change,Greenhouse gas inventory,0,976.141212121212,74.2021369260827,1050.34334904729,906.14606536712,0.00321869925198509,0.0127582551231745,1,1
United Nations Framework Convention on Climate Change,Methane,0,142.541504790941,50.8422749367291,193.38377972767,91.6992298542116,0.00680313366734573,9.28069714747501E-05,1,0
United Nations Framework Convention on Climate Change,Montreal Protocol,0,1381.99881686282,134.429183033403,1516.42799989622,1322.03036617059,0.0013206792421788,0.000543657298191568,1,0
United Nations Framework Convention on Climate Change,South Africa,0,5.90555555555556,3.32307692307693,9.22863247863249,2.58247863247864,3.40087561123174E-05,3.94055706159228E-06,0,0
United Nations Framework Convention on Climate Change,United States,0,130.364285714286,16.9666666666667,147.330952380952,143.330952380952,6.32173691796218E-05,3.00624783940702E-07,0,0
United Nations Framework Convention on Climate Change,Yvo de Boer,0,21.9428571428571,14.3790697674419,36.321926910299,17.0362126245847,0.000376918030415575,0.000145090812581295,0,0
World Meteorological Organization,Alexander Bedritsky,0,12.4916666666667,7.46304347826087,19.9547101449276,5.0286231884058,8.10518926767442E-05,0.000599578042368086,0,0
World Meteorological Organization,BUFR,0,57.1687986651835,13.5956989247312,70.7644975899147,43.5730997404523,0.000217080290775683,0.504706555543907,0,1
World Meteorological Organization,Geophysics,1,117.503484162896,8.32283653846153,125.826320701357,115.203967760181,0.000492110883716466,0.000140164317289297,0,0
World Meteorological Organization,Hydrology,0,102.266140776699,13.0224645583424,115.288605335041,94.9991809245006,0.000693736381814699,0.000815943822302263,0,0
World Meteorological Organization,Intergovernmental organization,0,1780.29535164271,73.0543787629995,1853.34973040571,1707.56097287971,0.00835516626350081,0.00574158434840029,1,1
World Meteorological Organization,Intergovernmental Panel on Climate Change,0,464.869162640902,4727.03192332684,5191.90108596774,4301.55239031556,0.00155741480358864,0.00944692252538293,1,1
World Meteorological Organization,List of states with limited recognition,0,94.8347582037997,41.3208695652175,136.155627769017,54.3138886385823,0.00362139506678054,0.000355747915005129,0,0
World Meteorological Organization,Nauru,0,63.7048266166823,85.0592477500425,148.764074366725,21.3544211333601,0.00475782331542236,0.000701230607625365,0,0
World Meteorological Organization,Palau,0,129.898568655992,89.7548961424332,219.653464798426,40.143672513559,0.00281525626816748,0.00108753617230003,1,0
World Meteorological Organization,SYNOP,0,349.8625,42.9285714285714,392.791071428571,310.391071428571,0.00105091153770669,0.0123934522965181,0,0
World Meteorological Organization,United Nations Development Group,0,2.8,28.0875,30.8875,25.2875,2.69151641236242E-06,0.00116851104547156,0,0
World Meteorological Organization,Weather,0,7.86035714285715,12.3586956521739,20.2190527950311,4.49833850931677,9.01958390598148E-05,0.000104008054063002,0,0
